label,precision,recall,f1-score,support
High_Engagement,0.7328507411237505,0.9948525970987365,0.8439857086145296,4274.0
Low_Engagement,0.4509887608479158,0.741693963500234,0.5609130319384235,4274.0
Medium_Engagement,0.5289256198347108,0.014532243415077202,0.028287292817679558,4404.0
accuracy,0.5779802347127857,0.5779802347127857,0.5779802347127857,0.5779802347127857
macro avg,0.5709217072687923,0.5836929346713492,0.47772867779021083,12952.0
weighted avg,0.5705001900230827,0.5779802347127857,0.473217607681623,12952.0
