label,precision,recall,f1-score,support
High_Engagement,0.7242966751918158,0.9939167056621432,0.8379524607949502,4274.0
Low_Engagement,0.4512982355472672,0.7360786148806738,0.5595375722543353,4274.0
Medium_Engagement,0.4827586206896552,0.012715712988192553,0.024778761061946902,4404.0
accuracy,0.5752007411982706,0.5752007411982706,0.5752007411982706,0.5752007411982706
macro avg,0.5527845104762461,0.5809036778436698,0.47408959803707745,12952.0
weighted avg,0.55208165642496,0.5752007411982706,0.4695798382465613,12952.0
