label,precision,recall,f1-score,support
High_Engagement,0.7397235023041475,0.9389330837622836,0.827507990514486,4274.0
Low_Engagement,0.2048780487804878,0.009826860084230228,0.018754186202277295,4274.0
Medium_Engagement,0.5389237913138487,0.8960036330608537,0.6730342827903804,4404.0
accuracy,0.6177424336009882,0.6177424336009882,0.6177424336009882,0.6177424336009882
macro avg,0.49450844746616135,0.6149211923024559,0.5064321531690479,12952.0
weighted avg,0.49495424693344053,0.6177424336009882,0.5081043487257784,12952.0
