label,precision,recall,f1-score,support
High_Engagement,1.0,0.17992512868507254,0.30497719611342455,4274.0
Low_Engagement,0.35081671181154067,1.0,0.519414231026311,4274.0
Medium_Engagement,0.0,0.0,0.0,4404.0
accuracy,0.38936071649166154,0.38936071649166154,0.38936071649166154,0.38936071649166154
macro avg,0.4502722372705135,0.3933083762283575,0.2747971423799119,12952.0
weighted avg,0.44575282784763165,0.38936071649166154,0.27203898699777873,12952.0
