label,precision,recall,f1-score,support
High_Engagement,1.0,0.18249883013570425,0.30866640284922836,4274.0
Low_Engagement,0.35113374958922117,1.0,0.5197616441687949,4274.0
Medium_Engagement,0.0,0.0,0.0,4404.0
accuracy,0.39021000617665225,0.39021000617665225,0.39021000617665225,0.39021000617665225
macro avg,0.4503779165297404,0.3941662767119014,0.2761426823393411,12952.0
weighted avg,0.445857446397802,0.39021000617665225,0.2733710216920191,12952.0
