label,precision,recall,f1-score,support
High_Engagement,0.7329289428076257,0.9894712213383248,0.842094782954998,4274.0
Low_Engagement,0.45025812752895217,0.7550304164716893,0.5641115287125251,4274.0
Medium_Engagement,0.6,0.0020435967302452314,0.004073319755600814,4404.0
accuracy,0.5763588634959852,0.5763588634959852,0.5763588634959852,0.5763588634959852
macro avg,0.5943956901121926,0.5821817448467531,0.47009321047437463,12952.0
weighted avg,0.5944519409063105,0.5763588634959852,0.4654157409103351,12952.0
