label,precision,recall,f1-score,support
High_Engagement,0.7252182845403184,0.9911090313523632,0.8375679683638161,4274.0
Low_Engagement,0.4519312094727939,0.7501169864295741,0.5640394088669951,4274.0
Medium_Engagement,0.4117647058823529,0.001589464123524069,0.003166704365528161,4404.0
accuracy,0.5751235330450896,0.5751235330450896,0.5751235330450896,0.5751235330450896
macro avg,0.5296380666318218,0.5809384939684872,0.4682580271987798,12952.0
weighted avg,0.5284549646477705,0.5751235330450896,0.463589877726241,12952.0
