label,precision,recall,f1-score,support
High_Engagement,0.7315962099125365,0.9394010294805802,0.8225773407088711,4274.0
Low_Engagement,0.20444444444444446,0.010762751520823585,0.02044898866414759,4274.0
Medium_Engagement,0.5393010084265782,0.8864668483197093,0.6706175384351112,4404.0
accuracy,0.6149629400864731,0.6149629400864731,0.6149629400864731,0.6149629400864731
macro avg,0.4917805542611864,0.6122102097737044,0.5045479559360433,12952.0
weighted avg,0.4922575199067624,0.6149629400864731,0.5062148062854008,12952.0
