label,precision,recall,f1-score,support
High_Engagement,0.7289424860853432,0.9192793635938231,0.8131208609271523,4274.0
Low_Engagement,0.16447368421052633,0.01169864295741694,0.021843599825251202,4274.0
Medium_Engagement,0.5381647836869661,0.8869209809264306,0.6698679471788715,4404.0
accuracy,0.6087862878319951,0.6087862878319951,0.6087862878319951,0.6087862878319951
macro avg,0.4771936513276119,0.6059663291592235,0.5016108026437583,12952.0
weighted avg,0.47780562223609824,0.6087862878319951,0.5032996096843363,12952.0
