label,precision,recall,f1-score,support
High_Engagement,0.7379062736205594,0.913664014974263,0.8164332009199248,4274.0
Low_Engagement,0.18354430379746836,0.01357042583060365,0.025272331154684097,4274.0
Medium_Engagement,0.5373093681917211,0.8960036330608537,0.6717739189649302,4404.0
accuracy,0.6106392835083385,0.6106392835083385,0.6106392835083385,0.6106392835083385
macro avg,0.4862533152032496,0.6077460246219067,0.504493150346513,12952.0
weighted avg,0.48676576786604314,0.6106392835083385,0.506172157443517,12952.0
